{"spc": {"24": [0.5362491490810075, 0.4674948944860449, 0.41150442477876104, 0.36895847515316543, 0.35534377127297484, 0.3440265486725664, 0.33219877467665077, 0.32896528250510554, 0.3251361470388019, 0.3209666439754935, 0.316712049012934, 0.310500340367597, 0.3112661674608577, 0.3151803948264125, 0.3173076923076923, 0.31679714091218514, 0.3200306330837304, 0.33160313138189246, 0.3427501701837985, 0.35976855003403674, 0.41737576582709324, 0.5011912865895167, 0.6381041524846834, 0.7679543907420013]}, "spc_sem": {"24": [0.006938506951613012, 0.006537518505874457, 0.006431960546892185, 0.006369617667807464, 0.0061468090591648315, 0.006244534634943077, 0.006113769773292593, 0.006078704483355202, 0.006010666066206449, 0.006026480244541349, 0.005852691380581988, 0.005776236493696646, 0.0058014151227370045, 0.00579858414660522, 0.005874621427191547, 0.005676684362318181, 0.00576936109386136, 0.005742310594314659, 0.005668832151619699, 0.005698134507757191, 0.005782693468314507, 0.006243409772525069, 0.006704508266864055, 0.006589418665765703]}, "spc_fr1": {"24": [1.0, 0.6734344152254598, 0.554933665008292, 0.4674208323462056, 0.4418877833056937, 0.40887033088525643, 0.39397062307510067, 0.37919726763010353, 0.3604892205638473, 0.37269604359156616, 0.3656894100923953, 0.3489575929874437, 0.35552001895285484, 0.35525349443259885, 0.36687593777146027, 0.3402412540472243, 0.3204710574113559, 0.3256337360814973, 0.32489339019189767, 0.3364822711837638, 0.3537866224433388, 0.37126668246071215, 0.40271657585090453, 0.49772170891573836]}, "spc_fr1_sem": {"24": [0.0, 0.01614319695042696, 0.017174953876381713, 0.01716456524910964, 0.01694245224607626, 0.017100028003972492, 0.017062958543657705, 0.01684334973253185, 0.01619827018994946, 0.01658769586544837, 0.016398366134674675, 0.015993726379299123, 0.016486856445694018, 0.016360535690551334, 0.016867744557859523, 0.016137197507980205, 0.015781420079467073, 0.015833029395173413, 0.015993326223074884, 0.016101145693668727, 0.016049816722218162, 0.016481412762001747, 0.0166709140164253, 0.01749219317053619]}, "spc_frl4": {"24": [0.501994592708878, 0.43168498168498143, 0.3803846153846155, 0.346139019710448, 0.3293694400837258, 0.3241086691086688, 0.30680708180708166, 0.3160605267748121, 0.30626111983254817, 0.30566544566544546, 0.30130821559392956, 0.292515262515262, 0.2929190650619222, 0.2889490668062093, 0.2922518751090176, 0.29653933368219076, 0.30320425606139845, 0.3079975579975577, 0.3228553985696839, 0.3315079365079361, 0.4406619570905278, 0.5607186464329319, 0.746568114425257, 0.9115707308564447]}, "spc_frl4_sem": {"24": [0.008278082317537974, 0.00787302395188216, 0.007740020557511533, 0.0075776383235286095, 0.007268032624882063, 0.007424293526385324, 0.007230074028656632, 0.007175595519416352, 0.0072760886431197675, 0.007229860477564996, 0.007164827700065571, 0.006982259083742627, 0.007151553321560443, 0.007056974052420549, 0.00700872602278446, 0.006962310904011107, 0.00711133142098747, 0.007116315206931419, 0.007123432843978501, 0.007165665252929807, 0.007367448209032023, 0.0075776864266321785, 0.006991842597620715, 0.004860284721524215]}, "pfr": {"24": [0.13019060585432266, 0.023400272294077602, 0.014210347174948944, 0.008253914227365555, 0.008253914227365555, 0.006211708645336964, 0.007062627637848877, 0.005020422055820286, 0.005190605854322668, 0.005020422055820286, 0.005871341048332199, 0.0055309734513274336, 0.008764465622872702, 0.009785568413886997, 0.008339006126616746, 0.011487406398910823, 0.012423417290673928, 0.014720898570456093, 0.017699115044247787, 0.023315180394826412, 0.040673927842069434, 0.07045609257998639, 0.13436010891763103, 0.386997957794418]}, "pfr_sem": {"24": [0.005852001133996148, 0.0016885703593840264, 0.0012217588216423868, 0.0008870353493194085, 0.0008621823062277425, 0.0007291255848805248, 0.0008439871853357864, 0.0006517745082877932, 0.0006619043605170792, 0.0006627979608526786, 0.0007109454382624452, 0.0006921740243029892, 0.0008836927852752417, 0.0009705171520602743, 0.0008489168615391818, 0.0010020921889586695, 0.0010749841617029873, 0.001156599080478331, 0.0012526041616215398, 0.0015530609503624706, 0.002040173397918858, 0.002738854439266593, 0.0038122020138638794, 0.007695542226955845]}, "temp_fact": {"24": 0.6842462287559237}, "temp_fact_sem": {"24": 0.002706459901828357}, "sem_fact": {"24": 0.6012160700931356}, "sem_fact_sem": {"24": 0.0017592510585495507}, "plis": 0.13420208110473594, "plis_sem": 0.005450868947894321, "pli_recency": [0.2877867552552398, 0.10897307673367067, 0.0909358020486857, 0.07872469245986664, 0.056712571680965655], "pli_recency_sem": [0.012424726147740671, 0.008025738167119432, 0.007488723634684397, 0.007332866335696075, 0.005935078209471152]}