{"spc": {"12": [0.6098433242506812, 0.5514305177111717, 0.4930177111716621, 0.4710490463215259, 0.4502724795640327, 0.4531675749318801, 0.4616825613079019, 0.49267711171662126, 0.542574931880109, 0.6290871934604905, 0.7622615803814714, 0.8818119891008175]}, "spc_sem": {"12": [0.009555769399404748, 0.009696862570369212, 0.009504729139135493, 0.009440218048935916, 0.009627872158130404, 0.00928409661837374, 0.009148694796626769, 0.009088903841513483, 0.008724310017334879, 0.00846473793175567, 0.007747715238292651, 0.00633025550021609]}, "spc_fr1": {"12": [1.0, 0.6876675603217158, 0.567170943444402, 0.5381622622239245, 0.5077428826758589, 0.4653581003446955, 0.4673592493297586, 0.4876005361930294, 0.5078386314311246, 0.5571332822673305, 0.6256351334099325, 0.7766213455891743]}, "spc_fr1_sem": {"12": [0.0, 0.020084011861907662, 0.021758336532744536, 0.021423320956984286, 0.021520190379083495, 0.021695802733099415, 0.021199895723722773, 0.02141408567466293, 0.02158781139544565, 0.02089889674684044, 0.020987739263991244, 0.018005973674582097]}, "spc_frl4": {"12": [0.5664400752980552, 0.5036394059820123, 0.46961584047967597, 0.4267116363382834, 0.42160461549187767, 0.4276929512654258, 0.4396709196123548, 0.4719514745869065, 0.5557850519417133, 0.666209997908387, 0.8236753119988838, 0.952147388970229]}, "spc_frl4_sem": {"12": [0.011816980449589051, 0.011737171375917493, 0.01170119701373431, 0.011527786854570309, 0.011481661041941179, 0.011200359787369298, 0.011071336035678019, 0.01120740220537543, 0.010619104347620444, 0.010102026246421956, 0.008089373357624104, 0.004646731215160149]}, "pfr": {"12": [0.1657016348773842, 0.03252724795640327, 0.018051771117166212, 0.012431880108991825, 0.012772479564032697, 0.017711171662125342, 0.015837874659400546, 0.023841961852861037, 0.03831743869209809, 0.06948228882833787, 0.14560626702997276, 0.3979904632152589]}, "pfr_sem": {"12": [0.008807678405321456, 0.0027122279621588576, 0.001887636177883836, 0.0015962770556147711, 0.0015369253313068114, 0.0019524652711895936, 0.0017313497756196075, 0.0021373232957051487, 0.0028107180794747686, 0.003979163884302979, 0.005876390210903155, 0.010959965867252666]}, "plis": 0.09614636045153756, "plis_sem": 0.007218057992133525, "pli_recency": [0.30180438058300174, 0.10976472350389449, 0.09432307328533553, 0.07147261116333503, 0.057416696562389194], "pli_recency_sem": [0.01994642880634905, 0.013500755273130856, 0.012573192149043334, 0.010947123847276297, 0.009962748026317967]}