{"spc": {"12": [0.6695578231292517, 0.5802721088435374, 0.5207482993197279, 0.4739795918367347, 0.4409863945578231, 0.44302721088435376, 0.4518707482993197, 0.47346938775510206, 0.5010204081632653, 0.5702380952380952, 0.6668367346938775, 0.7874149659863946]}, "spc_sem": {"12": [0.009051167547547954, 0.009175564669434146, 0.009535990824929086, 0.009172815753101356, 0.009109491500016732, 0.009359048034808684, 0.009296517626935914, 0.009096305912767066, 0.009059713907477172, 0.009131331669804493, 0.008786605406736772, 0.00841360678292125]}, "spc_fr1": {"12": [1.0, 0.706206273978786, 0.632577296321372, 0.507083615436696, 0.45317084179643397, 0.45860415256149883, 0.4248053486797561, 0.44746106973595134, 0.44485443466486135, 0.49858384111938636, 0.5144324080343038, 0.5693015120740239]}, "spc_fr1_sem": {"12": [0.0, 0.01784337787784859, 0.018963368305475382, 0.019365730857771817, 0.01936669436910223, 0.01919440808628314, 0.01922262912595591, 0.019619618260465023, 0.019305641927418946, 0.019664703656183377, 0.019278172829790014, 0.019473611067658624]}, "spc_frl4": {"12": [0.6144314510464954, 0.5273089619328554, 0.47524757690686864, 0.43246944795617315, 0.41128142997611994, 0.40784695884253386, 0.4245346958842535, 0.44391944093271507, 0.5074799831436994, 0.6084579997190614, 0.7421337266470018, 0.9127897176569739]}, "spc_frl4_sem": {"12": [0.011757232677133208, 0.011857730426353892, 0.011859501345597158, 0.011435819853990642, 0.011219793840390634, 0.01148659698188779, 0.011847992448885911, 0.011577773760369992, 0.011218772895626426, 0.010957897963685391, 0.010026459856674165, 0.006675585261945723]}, "pfr": {"12": [0.20476190476190476, 0.03741496598639456, 0.02108843537414966, 0.01751700680272109, 0.01445578231292517, 0.016666666666666666, 0.021768707482993196, 0.02687074829931973, 0.03707482993197279, 0.06479591836734694, 0.12346938775510204, 0.38860544217687076]}, "pfr_sem": {"12": [0.009584437875721434, 0.0027868072950204895, 0.0019484397483540935, 0.0017402575749076857, 0.0016249666528788524, 0.0016927375741054263, 0.001953105854091897, 0.0022321696128515716, 0.0025884816102794317, 0.0038187298070990012, 0.0052644047849812175, 0.01108064409494274]}, "plis": 0.10320699708454809, "plis_sem": 0.007343033823968035, "pli_recency": [0.38003497613054094, 0.10942090028492589, 0.08328064392836566, 0.07996987487150724, 0.043300222827874144], "pli_recency_sem": [0.021478726778787656, 0.01345787561103871, 0.012512635046987096, 0.012590290954385184, 0.008582136560507775]}