{"spc": {"24": [0.5680272108843537, 0.48180272108843536, 0.4170068027210884, 0.3787414965986395, 0.3535714285714286, 0.3358843537414966, 0.32755102040816325, 0.3224489795918367, 0.32125850340136053, 0.3134353741496599, 0.3159863945578231, 0.3081632653061224, 0.30731292517006803, 0.31037414965986393, 0.31445578231292515, 0.3112244897959184, 0.3195578231292517, 0.32346938775510203, 0.33435374149659863, 0.342687074829932, 0.3933673469387755, 0.47091836734693876, 0.5862244897959183, 0.7120748299319728]}, "spc_sem": {"24": [0.009533808762974374, 0.008851888050832113, 0.008744194904779665, 0.008874628629824846, 0.008540448316502405, 0.008478549942925314, 0.008370370364139991, 0.008394556305999034, 0.00821856059994745, 0.008259982356678307, 0.008245013059141274, 0.007885345236530467, 0.007935904941128662, 0.008096776516994888, 0.008046600810173098, 0.008003479145692133, 0.0082839625907848, 0.007902267658205458, 0.007981031148557248, 0.007965775095319448, 0.008072762533580935, 0.008910251619658938, 0.009616928117518218, 0.00995734204282692]}, "spc_fr1": {"24": [1.0, 0.6772045855379187, 0.5384553203997648, 0.47126690182245734, 0.41595017636684295, 0.3816394767783655, 0.36121031746031745, 0.3580136684303351, 0.34047619047619043, 0.362117871840094, 0.35973324514991173, 0.32405202821869494, 0.3224059376837155, 0.33238536155202825, 0.34334582598471486, 0.3124963256907701, 0.31046443268665497, 0.30496766607877723, 0.31391093474426807, 0.30978468547912985, 0.33998383303938867, 0.35107289829512056, 0.33073927101704875, 0.38301366843033496]}, "spc_fr1_sem": {"24": [0.0, 0.02161749791693718, 0.02354515194973946, 0.02319984154549307, 0.02241177249737737, 0.02301360320434875, 0.02278056466265658, 0.022563545063091106, 0.021553631636921467, 0.02235443787013221, 0.02206873225206624, 0.021088554209354318, 0.021708765111187703, 0.02214078456236083, 0.022572630894332382, 0.021347573747675135, 0.021398083981395158, 0.020782930367491497, 0.02156646665123061, 0.021308397064874588, 0.021603594863969757, 0.022129805920879236, 0.021281031612750894, 0.02262181878936255]}, "spc_frl4": {"24": [0.5373150291044253, 0.44015709376534085, 0.39263622974963186, 0.35389753839680205, 0.32486324426677865, 0.31585489866049493, 0.3047075531243423, 0.30428325969563075, 0.30561049161932785, 0.3049898309839396, 0.30623115225471637, 0.29439652149519574, 0.29281155761273553, 0.2827757907286624, 0.28786205203730963, 0.2848148537765622, 0.2976155410617854, 0.2984588680833157, 0.3154446314608314, 0.30876463987656905, 0.42531383687495644, 0.5408689248895431, 0.7122519110737083, 0.8886755733221119]}, "spc_frl4_sem": {"24": [0.011769114040401017, 0.01134530078357919, 0.01111408686504154, 0.0109648145064277, 0.010288611388983375, 0.010269092088663775, 0.010287691040115819, 0.00999938774325399, 0.010407098573111244, 0.010415633634425995, 0.010774238850114533, 0.00994715270523861, 0.010295418994471372, 0.010038528009614429, 0.010001421902398258, 0.009843543973838251, 0.010381475207497416, 0.010059494336435385, 0.010158054005957425, 0.010183991083944887, 0.010489567571924199, 0.011031147103700515, 0.010450833425692542, 0.00810651542421656]}, "pfr": {"24": [0.13979591836734695, 0.024829931972789116, 0.01479591836734694, 0.009693877551020408, 0.009693877551020408, 0.007312925170068027, 0.008503401360544218, 0.004761904761904762, 0.005952380952380952, 0.005782312925170068, 0.007653061224489796, 0.007653061224489796, 0.008673469387755102, 0.010884353741496598, 0.00901360544217687, 0.013095238095238096, 0.014625850340136054, 0.017346938775510204, 0.019727891156462583, 0.02465986394557823, 0.04370748299319728, 0.06887755102040816, 0.11819727891156463, 0.3795918367346939]}, "pfr_sem": {"24": [0.008400778365292934, 0.002436653653567837, 0.0016028213529197116, 0.0013676216316697582, 0.0013462777759523283, 0.0011092586439264776, 0.001324798263902437, 0.0008832087572164224, 0.0009825568464292792, 0.0009691100814536151, 0.0011573113870262837, 0.0011320090852783829, 0.0012443362820844567, 0.0013870474633441332, 0.0012641604561420808, 0.001511988664279351, 0.0017013057479259405, 0.0017836443332335085, 0.0018305051216563595, 0.0023358905519484867, 0.0029630438927793178, 0.00392470916214647, 0.005161435165973124, 0.01108157933199248]}, "plis": 0.1313896987366375, "plis_sem": 0.007396632481248716, "pli_recency": [0.32471231791789873, 0.11441673503581648, 0.09640125613277487, 0.0672748123458719, 0.05509314044608152], "pli_recency_sem": [0.018785191081912855, 0.011776553558245058, 0.011077969598968744, 0.00958386837248725, 0.008422409805808606]}