{"spc": {"6": [0.7929999999999999, 0.585, 0.49750000000000005, 0.56, 0.6355, 0.7235]}, "spc_fr1": {"6": [1.0, 0.6705, 0.48150000000000004, 0.562, 0.5335, 0.6615]}, "spc_frl4": {"6": [0.5955, 0.4325, 0.4885, 0.5955, 0.7545, 0.8325]}, "pfr": {"6": [0.5549999999999999, 0.03, 0.06, 0.075, 0.10500000000000001, 0.125]}}