{"spc": {"12": [0.6397208985704561, 0.565861130020422, 0.5068924438393465, 0.47251531654186524, 0.4456262763784888, 0.44809394145677334, 0.4567733151803948, 0.4830667120490129, 0.5217835262083049, 0.599642614023145, 0.7145166780122533, 0.8345813478556842]}, "spc_sem": {"12": [0.0066244751534411585, 0.00668303939257244, 0.006739366420783531, 0.006579122217012029, 0.006625795868800547, 0.006590521143163071, 0.0065206851541812945, 0.006432143819989975, 0.006310085468691791, 0.006271016211162732, 0.005986744131472891, 0.00540595249992925]}, "spc_fr1": {"12": [1.0, 0.6975082359988023, 0.6018897873614859, 0.5216651692123391, 0.47877508235998817, 0.4617729859239287, 0.4447708894878708, 0.4662938005390835, 0.4744055106319259, 0.5260542078466608, 0.5666067684935611, 0.6665723270440257]}, "spc_fr1_sem": {"12": [0.0, 0.013356136163957182, 0.014374380704119623, 0.014378614340904632, 0.014432624326979648, 0.014393721984090316, 0.014260505764192426, 0.014479150198434177, 0.014442544021644107, 0.014349993415946203, 0.014328546764476001, 0.013837758469853884]}, "spc_frl4": {"12": [0.5903476085511347, 0.5154307057135856, 0.47242136384311284, 0.4295799657114872, 0.4164619852349462, 0.4178064098526994, 0.4321306112452321, 0.4579869493719605, 0.5317212483817925, 0.6374400825723376, 0.7830543018088924, 0.9325408488156468]}, "spc_frl4_sem": {"12": [0.008357284496441608, 0.00834501470493709, 0.008327084667279924, 0.008116609929138208, 0.008025713953144203, 0.008022563125696228, 0.008105511721925251, 0.008061933291899848, 0.0077471524212051265, 0.0074880919796388315, 0.006528383269341522, 0.004095057727038115]}, "pfr": {"12": [0.18524506466984342, 0.03497277059223962, 0.019571136827773995, 0.014976174268209666, 0.013614703880190605, 0.01718856364874064, 0.018805309734513276, 0.025357385976855003, 0.03769571136827774, 0.06713750850918992, 0.13453029271613343, 0.3932947583390061]}, "pfr_sem": {"12": [0.006526485750163643, 0.0019448016007640148, 0.0013565744523007413, 0.0011822721247151397, 0.0011182083657488005, 0.0012915484629896004, 0.0013069650551520119, 0.0015452381510316021, 0.0019098332634605547, 0.0027572175412959145, 0.003953734932984634, 0.0077910171680876696]}, "temp_fact": {"12": 0.642828215036387}, "temp_fact_sem": {"12": 0.0029484970187017125}, "sem_fact": {"12": 0.5003731123309123}, "sem_fact_sem": {"12": 0.0025065675836637652}, "plis": 0.09967908197996693, "plis_sem": 0.005147445291700441, "pli_recency": [0.3403601617436224, 0.109595270968148, 0.08888083566987183, 0.07566046934980745, 0.05045942277125626], "pli_recency_sem": [0.014700375991741083, 0.009526533030688187, 0.008867188920563564, 0.008322215262750909, 0.0065899846765950345]}