{"spc": {"24": [0.5044277929155313, 0.4531675749318801, 0.40599455040871935, 0.35916212534059944, 0.3571185286103542, 0.3521798365122616, 0.33685286103542234, 0.3354904632152589, 0.3290190735694823, 0.328508174386921, 0.31743869209809267, 0.3128405994550409, 0.31522479564032696, 0.3199931880108992, 0.3201634877384196, 0.3223773841961853, 0.32050408719346046, 0.33974795640326977, 0.351158038147139, 0.3768732970027248, 0.44141689373297005, 0.5315054495912807, 0.6900544959128065, 0.8239100817438693]}, "spc_sem": {"24": [0.009953043124855971, 0.009600886004461491, 0.009437518508273889, 0.009131517914090078, 0.008848472258855098, 0.009166942339591588, 0.008916577538618551, 0.008793640213589762, 0.008777129889764779, 0.008775112385962151, 0.008314397632414785, 0.008448046145889397, 0.008468058323510332, 0.008304800827739418, 0.008566242643661428, 0.008052788177914104, 0.008037579282508318, 0.008328825549306956, 0.008046258145516884, 0.008106557245173876, 0.008191986523286586, 0.008609580201570544, 0.008948363457525798, 0.008129004508123174]}, "spc_fr1": {"24": [1.0, 0.669056152927121, 0.5740698071343234, 0.46295442908346124, 0.47200887523468155, 0.4404932582351936, 0.43201484895033293, 0.40379757637822156, 0.38373015873015875, 0.38498037207714636, 0.3726062467997952, 0.3778801843317972, 0.3939750810718551, 0.3818100358422938, 0.39420122887864806, 0.3724611708482675, 0.3320916538658475, 0.3496330431814301, 0.337647209421403, 0.3674859190988224, 0.369815668202765, 0.39471752858849646, 0.48630312339989745, 0.6309310462536272]}, "spc_fr1_sem": {"24": [0.0, 0.024269543882433218, 0.025102006829672077, 0.025544830644409516, 0.025683500590757077, 0.025440920855446348, 0.025548340274545864, 0.02523457986921194, 0.024445436329342186, 0.024748692601372517, 0.024517006216164254, 0.02432151734345476, 0.02502770074549833, 0.024219505079412444, 0.02528106618693097, 0.024432165890618095, 0.023386220772714, 0.024220038200641975, 0.023842864513446155, 0.024377463893359083, 0.023961640784990742, 0.024634520449242404, 0.02535519355513701, 0.024955068651021928]}, "spc_frl4": {"24": [0.4670345689296131, 0.42329931972789114, 0.3682580174927109, 0.33845966958211826, 0.33382965431070327, 0.3322782174094123, 0.30888518672775217, 0.32771761765930846, 0.30690510898236806, 0.3063341663195885, 0.29643551298070203, 0.29065320005553225, 0.2930254754963204, 0.29505935027072017, 0.29659690406774913, 0.3081441760377616, 0.30873594335693405, 0.3174389143412463, 0.3301905456059973, 0.3540191586838811, 0.4558534638345135, 0.5803658197973068, 0.7805341524364845, 0.9342322643343052]}, "spc_frl4_sem": {"24": [0.011499096601820883, 0.010921805909933482, 0.010766627834633967, 0.010466729564978796, 0.010273043700654792, 0.010718560296297716, 0.01016952309412751, 0.01027879192661847, 0.010181084362762851, 0.010041081145268322, 0.009465804557119354, 0.009809055796055843, 0.009939905065256584, 0.009923969139656206, 0.009827458072567947, 0.009835608566616928, 0.009731171983959104, 0.010062441392545775, 0.009990288159359277, 0.010017518794495622, 0.01032428133003553, 0.010352107648522447, 0.00912728032966207, 0.005263858661784409]}, "pfr": {"24": [0.12057220708446867, 0.02196866485013624, 0.013623978201634877, 0.006811989100817439, 0.006811989100817439, 0.005108991825613079, 0.005619891008174387, 0.005279291553133515, 0.0044277929155313355, 0.0042574931880109, 0.004087193460490463, 0.0034059945504087193, 0.008855585831062671, 0.008685286103542234, 0.007663487738419619, 0.009877384196185286, 0.010217983651226158, 0.012091280653950954, 0.015667574931880108, 0.02196866485013624, 0.03763623978201635, 0.07203678474114442, 0.1505449591280654, 0.3944141689373297]}, "pfr_sem": {"24": [0.00813917077181693, 0.0023386640109567865, 0.0018455388216363127, 0.0011280984239886989, 0.001075378910329379, 0.0009453679077730334, 0.001043807175586941, 0.0009593479600666636, 0.0008868015832458391, 0.0009041440624682732, 0.0008211013402034018, 0.0007893591887037039, 0.0012559553220387733, 0.001357524642837718, 0.0011335043001473224, 0.0013136055282204884, 0.0013100465142105824, 0.0014672810249328494, 0.0017081472698665453, 0.0020473203385093634, 0.002802598063040622, 0.0038228933960152557, 0.005551859915935686, 0.010681002160568187]}, "plis": 0.1370182950564422, "plis_sem": 0.008013115679619818, "pli_recency": [0.25684104079705994, 0.10441098252903833, 0.08635544174339634, 0.08832034097645329, 0.058069746845423154], "pli_recency_sem": [0.016432285785205093, 0.010970682770065025, 0.010168115341807985, 0.010813694021485947, 0.0083250276994421]}